Debug	Debug	6
ISLAND-GUILD-0001a	ISLAND-GUILD-0001a_ISL_DL_T1_NON	1
ISLAND-PLAYER-0001a	ISLAND-PLAYER-0001a_ISL_DL_T1_NON	1
ISLAND-PLAYER-0001f	ISLAND-PLAYER-0001f_ISL_DL_T1_NON	1
ISLAND-PLAYER-0001e	ISLAND-PLAYER-0001e_ISL_DL_T1_NON	1
ISLAND-PLAYER-0001d	ISLAND-PLAYER-0001d_ISL_DL_T1_NON	1
ISLAND-PLAYER-0001c	ISLAND-PLAYER-0001c_ISL_DL_T1_NON	1
ISLAND-PLAYER-0001b	ISLAND-PLAYER-0001b_ISL_DL_T1_NON	1
ISLAND-GUILD-0001b	ISLAND-GUILD-0001b_ISL_DL_T1_NON	1
ISLAND-GUILD-0001c	ISLAND-GUILD-0001c_ISL_DL_T1_NON	1
ISLAND-GUILD-0001d	ISLAND-GUILD-0001d_ISL_DL_T1_NON	1
ISLAND-GUILD-0001e	ISLAND-GUILD-0001e_ISL_DL_T1_NON	1
ISLAND-GUILD-0001f	ISLAND-GUILD-0001f_ISL_DL_T1_NON	1
0004	Swamp Cross	2
4206	Tharcal Fissure	5
MushroomCave-GROUP	Mushroom Cave	6
MushroomCave-SOLO	Mushroom Cave	6
FishyBusiness-GROUP	Fishy Business	4
FishyBusiness-SOLO	Fishy Business	4
StoneWars-GROUP	Stone Wars	5
StoneWars-SOLO	Stone Wars	5
4209	Cairn Darg	5
4210	Gwan Gorge	3
4215	Malag Crevasse	6
4216	Creag Morr	6
4213	Cairn Camain	5
4212	Cairn Glascore	5
4207	Pen Gent	4
4201	Pen Garn	5
4203	Crose Gorge	3
3201	Birken Fell	6
3204	Eldon Hill	5
3203	Lewsdon Hill	5
3207	Blackthorn Quarry	4
3206	Haytor	4
3209	Brent Knoll	3
3210	Mase Knoll	3
3212	Croker Hill	5
3215	Goffers Knoll	3
3213	Vixen Tor	4
2215	Prospector's Hope	3
2213	Steelhide Meadow	5
2212	Longmarch Meadow	4
2209	Lazygrass Plain	5
2210	Snapshaft Trough	5
2207	Drywater Meadow	4
2206	Parchthroat Plain	6
2204	Deadvein Gully	6
2203	Roastcorpse Steppe	6
2201	Kindlegrass Steppe	6
1215	Ferndell	4
1213	Wyre Forest	6
1212	Stagbourne	3
1210	Murkweald	7
1209	Longtimber Glen	6
1207	Birchcopse	4
1206	Willow Wood	5
1204	Oakcopse	5
1203	Rowanwood	6
1201	Larchroad	3
4204	Pen Kerrig	4
0214	Slimehag	3
0212	Bonepool Marsh	6
0211	Spectral Sump	6
0203	Willowsigh Marsh	5
0208	Stumprot Swamp	6
0206	Dusklight Fen	4
0209	Dewleaf Fen	5
0205	Stinkhag	3
0202	Chillhag	3
2208	Slowtree Plain	5
2211	Smoothfloor Cleft	4
3205	Gutras Hill	5
3202	Mardale	6
0210	Wispwhisper Marsh	6
0213	Curlew Fen	4
3211	Saddle Tor	5
0204	Windripple Fen	4
4208	Mawar Gorge	4
1202	Russerdell	5
4202	Bryn Gorge	3
4205	Cairn Gorm	5
LumberCampGROUP	Lumber Lunacy	5
RecruitmentOfTheDead-GROUP	Preaching to the Dead	4
RecruitmentOfTheDead-SOLO	Preaching to the Dead	4
3208	Bowscale Fell	6
4214	Cairn Fidair	5
4211	Creag Garr	6
0207	Nightcreak Marsh	5
2214	Fractured Ground	3
2202	Cracked Earth	3
1208	Redlake	3
1211	Yew Wood	5
1205	Highbole Glen	6
1214	Hornbeam Wood	5
2002	Steppe Cross	2
3002	Highland Cross	2
3214	Haldon Tor	4
LumberCampSOLO	Lumber Lunacy	5
3004	Martlock	1
4000	Fort Sterling	1
1006	Forest Cross	2
4006	Mountain Cross	2
0000	Thetford	1
0201	Sleetwater Basin	5
1000	Lymhurst	1
0005	Camlann	7
2009	Astolat	6
Mine-SOLO	Curious Excavation	3
SewersMaintenance-GROUP	Lurking Underneath	5
2000	Bridgewatch	1
PSG-0003	Rock Adit	7
PSG-0004	Sabertooth Den	6
PSG-0005	Swamp Burrow	7
PSG-0006	Ore Adit	7
PSG-0007	Forest Burrow	7
CenterCity-DNG-01	The Underway	7
3003	Caerleon	7
3245	Runnel Sink	7
1007	Inis Mon	5
ThreeSisters-GROUP	Three Sisters	6
FistfulOfSilver-GROUP	A Fistful of Silver	6
1246	Cedarcopse	4
3249	Bellever Tor	5
4249	Pen Uchaf	4
2205	Shiftshadow Expanse	7
3005	Caerleon Market	7
3006	Bank of Caerleon	7
EternalBattle-GROUP	Eternal Battle	6
SewersMaintenance-SOLO	Lurking Underneath	5
ARENA-01	Arena1	7
ARENA-01#1	Arena2	7
ARENA-STANDARD	The Arena	7
RecruitmentOfTheDead-HRD	Preaching to the Dead	6
0006	Bank of Thetford	1
0007	Thetford Market	1
1001	Bank of Lymhurst	1
1002	Lymhurst Market	1
2003	Bank of Bridgewatch	1
2004	Bridgewatch Market	1
3007	Bank of Martlock	1
3008	Martlock Market	1
4001	Bank of Fort Sterling	1
4002	Fort Sterling Market	1
EternalBattle-HRD	Eternal Battle	6
FishyBusiness-HRD	Fishy Business	6
LumberCamp-HRD	Lumber Lunacy	6
MushroomCave-HRD	Mushroom Cave	6
SewersMaintenance-HRD	Lurking Underneath	6
StoneWars-HRD	Stone Wars	6
ThreeSisters-HRD	Three Sisters	6
FistfulOfSilver-HRD	A Fistful Of Silver	6
Torturer-GROUP	In the Raven's Claws	6
Torturer-HRD	In the Raven's Claws	6
ARENA-FarmLand	Farmland Skirmish	7
ARENA-HomeTerritory	HomeTerritory Skirmish	7
ARENA-Resources	Resource Skirmish	7
ARENA-Resources1	Resource Skirmish	7
ARENA-Resources2	Resource Skirmish 2	7
CrystalRealm	Crystal Realm	4
CrystalRealm-CrystalLeague-NonLethal	Crystal Realm	4
1008	The Lighthouse	1
1009	Forgotten Woods	1
1010	Mountain Fort	1
1011	The Cove	1
3013-Auction2	Caerleon Market	7
ARENA-City	ARENA-City	7
HIDEOUT-0001a	HIDEOUT	1
HIDEOUT-0001b	HIDEOUT	1
HIDEOUT-0001c	HIDEOUT	1
2305	Northstrand Dunes	5
2326	Northstrand Beach	6
0324	Scuttlesink Mouth	6
1306	Deepwood Dell	5
4308	Whitebank Stream	5
4309	Whitebank Shore	5
4311	Whitebank Cross	5
4326	Whitebank Wall	6
0307	Meltwater Bog	5
4305	Whitebank Descent	5
4338	Whitebank Ridge	7
1326	Timberslope Dell	6
1340	Deepwood Pines	7
4306	Frostpeak Vista	5
4324	Frostpeak Ascent	6
4327	Floatshoal Fissure	6
4339	Floatshoal Bight	7
PSG-0039#2	Darkseep Core	5
0325	Meltwater Delta	6
0338	Meltwater Sump	7
2307	Skysand Plateau	5
4307	Everwinter Crossing	5
4323	Everwinter Plain	6
4325	Everwinter Gorge	6
0353	Scuttlesink Marsh	8
1305	Brambleshore Hinterlands	5
3338	Shaleheath Steep	7
4321	Everwinter Reach	5
4322	Everwinter Peak	6
4337	Everwinter Passage	7
4340	Everwinter Expanse	7
4353	Everwinter Incline	8
PSG-0042#1	Stoneslip Passage	6
PSG-0049#1	Whitecap Cave	6
0306	Scuttlesink Pools	5
1325	Timbertop Dale	6
1338	Timbertop Wood	7
1353	Timbertop Escarp	8
3326	Shaleheath Hills	6
4310	Everwinter Shores	5
0305	Wetgrave Bog	5
0339	Wetgrave Swale	7
0342	Wetgrave Marsh	7
1339	Timberslope Grove	7
1354	Timberslope Bridge	8
2306	Swiftsands Plain	5
2308	Drybasin Riverbed	5
2339	Swiftsands Basin	7
2354	Swiftsands Chaparral	8
3327	Skylake Bridge	6
1355	Greenshore Bay	8
3305	Flatrock Cliffs	5
0315	Skullmarsh Lower	5
0343	Skullmarsh Upper	7
1307	Greenshore Peninsula	5
1308	Giantweald Dale	5
1311	Watchwood Precipice	5
1315	Watchwood Grove	5
1328	Giantweald Woods	6
1329	Watchwood Lakeside	6
1330	Watchwood Bluffs	6
1341	Giantweald Edge	7
2309	Slakesands Canyon	5
2341	Drybasin Oasis	7
2342	Slakesands Mesa	7
3328	Flatrock Plateau	6
4315	Munten Rise	5
4331	Munten Tundra	6
4345	Munten Fell	7
1313	Hightree Steep	5
1316	Hightree Lake	5
1317	Hightree Dale	5
1319	Hightree Strand	5
1320	Hightree Glade	5
1322	Hightree Enclave	5
1332	Hightree Pass	6
1335	Hightree Levee	6
1336	Hightree Cliffs	6
1345	Hightree Isle	7
1347	Hightree Hillock	7
4332	Glacierbreak Summit	6
0308	Drownfield Course	5
0309	Widemoor Shore	5
0312	Widemoor Pool	5
0314	Willowshade Wetlands	5
0316	Widemoor Estuary	5
0327	Widemoor Hills	6
0328	Drownfield Wetland	6
0330	Widemoor End	6
0331	Willowshade Pools	6
0333	Widemoor Woods	6
0344	Willowshade Hills	7
1309	Timberscar Dell	5
1342	Timberscar Copse	7
2327	Drytop Riverbed	6
2328	Drytop Pillars	6
PSG-0044#1	Stalagmite Adit	6
0310	Drownfield Mire	5
0313	Drownfield Fen	5
0329	Drownfield Slough	6
0332	Drownfield Rut	6
0340	Drownfield Quag	7
0354	Meltwater Channel	8
0355	Drownfield Sink	8
1312	Deadpine Forest	5
2340	Skysand Ridge	7
2355	Citadel of Ash	8
4312	Glacierfall Passage	5
4317	Whitepeak Ascent	5
4329	Glacierfall Canyon	6
4341	Everwinter Gap	7
4343	Glacierfall Cross	7
4344	Glacierfall Valley	7
4348	Whitepeak Spring	7
4355	Glacierfall Pass	8
4357	Whitepeak Tundra	8
0321	Springsump Basin	5
0335	Springsump Wetland	6
0351	Springsump Melt	7
1314	Southgrove Escarp	5
1337	Southgrove Copse	6
1350	Southgrove Thicket	7
2315	Dryvein Cross	5
2316	Sunstrand Shoal	5
2317	Sunstrand Delta	5
2319	Dryvein Plain	5
2320	Farshore Esker	5
2334	Dryvein Oasis	6
2335	Sunstrand Dunes	6
2336	Farshore Heath	6
2348	Sunstrand Quicksands	7
3317	Battlebrae Peaks	5
3325	Stonelake Fields	5
3336	Stonelake Hillock	6
3358	Stonemouth Southbluff	8
4336	Frostspring Passage	6
4351	Frostspring Volcano	7
4352	Whitewall Ridge	7
4359	Whitewall Pass	8
0311	Runnelvein Slough	5
0326	Runnelvein Bog	6
0341	Runnelvein Sink	7
1310	Giantweald Copse	5
1327	Deepwood Gorge	6
1331	Giantweald Roots	6
1343	Deepwood Copse	7
1344	Giantweald Glade	7
1356	Eye of the Forest	8
1357	Eldersleep	8
3339	Skylake Hinterlands	7
3353	Thunderrock Draw	8
4313	Floatshoal Floe	5
4318	Iceburn Firth	5
4319	Flammog Fork	5
4328	Iceburn Peaks	6
4330	Flammog Valley	6
4342	Iceburn Cliffs	7
4346	Iceburn Tundra	7
4354	Flammog Desolation	8
4356	Glacierfall Fissure	8
PSG-0053#1	Driprock Tunnel	6
PSG-0051#1	Shale Underway	6
PSG-0052#1	Smuggler's Rut	6
PSG-0038#2	Crosscut Skip	5
0317	Widemoor Delta	5
0318	Willowshade Mire	5
0319	Willowshade Lake	5
0320	Willowshade Icemarsh	5
0334	Widemoor Flats	6
0345	Willowshade Sink	7
0348	Widemoor Fen	7
0350	Twinchannel Narrows	7
0357	Unhallowed Cloister	8
1323	Westweald Thicket	5
1334	Driftwood Glen	6
1351	Westweald Shore	7
2312	Sandmount Strand	5
2314	Bleachskull Steppe	5
2318	Sandmount Esker	5
2321	Sandrift Steppe	5
2322	Sandrift Prairie	5
2323	Sandrift Coast	5
2324	Sandrift Shore	5
2325	Farshore Bay	5
2333	Bleachskull Desert	6
2337	Sandrift Expanse	6
2338	Farshore Lagoon	6
2349	Sandmount Desert	7
2350	Sandrift Dunes	7
2351	Farshore Drylands	7
2352	Sandrift Fringe	7
2353	Farshore Cape	7
2358	Sandmount Ascent	8
3309	Braemore Upland	5
3318	Windgrass Border	5
3320	Windgrass Gully	5
3321	Windgrass Rill	5
3322	Windgrass Precipice	5
3331	Braemore Lowland	6
3333	Windgrass Fields	6
3334	Windgrass Coast	6
3346	Highstone Mound	7
4314	Avalanche Ravine	5
4316	Frostbite Chasm	5
4320	Frostseep Ravine	5
4335	Frostbite Mountain	6
4347	Frostseep Crevasse	7
0322	Longfen Marsh	5
0323	Mudfoot Sump	5
0337	Mudfoot Mounds	6
0352	Longfen Veins	7
0359	Deathreach Priory	8
1324	Greenhollow Vale	5
1352	Greenhollow Copse	7
3315	Highstone Plains	5
3316	Battlebrae Flatland	5
3319	Highstone Grassland	5
3323	Gravemound Brim	5
3324	Gravemound Hills	5
3337	Gravemound Slope	6
3349	Battlebrae Meadow	7
3350	Windgrass Terrace	7
3351	Gravemound Knoll	7
3352	Gravemound Cliffs	7
3357	Highstone Loch	8
3359	Redtree Enclave	8
PSG-0052#2	Deathcap Channel	6
PSG-0052#3	Glowmire Grotto	6
PSG-0051#2	Lurkers' Hollow	6
PSG-0050#1	Middlemurk Path	6
PSG-0048#1	Craglight Cavern	6
0346	Deathwisp Sink	7
0347	Deathwisp Bog	7
0349	Sunkenbough Woods	7
0356	Black Monastery	8
0358	Sunkenbough Spring	8
1318	Rivercopse Crossing	5
1321	Driftwood Vale	5
1333	Hightree Borderlands	6
1346	Rivercopse Curve	7
1348	Driftwood Hollow	7
1349	Rivercopse Path	7
1358	Darkbough Snag	8
1359	Rivercopse Fount	8
2310	Sunfang Ravine	5
2330	Sunfang Approach	6
2331	Parchsand Cliffs	6
2343	Sunfang Cliffs	7
2344	Sunfang Wasteland	7
2356	Wailing Bulwark	8
2357	Sunfang Dawn	8
2359	Parchsand Drought	8
3306	Murdergulch Cross	5
3307	Murdergulch Gap	5
3308	Razorrock Passage	5
3310	Razorrock Valley	5
3311	Highstone Meadow	5
3312	Battlebrae Plain	5
3313	Battlebrae Lake	5
3314	Stonemouth Northbluff	5
3329	Thunderrock Rapids	6
3330	Razorrock Ravine	6
3332	Razorrock Edge	6
3335	Stonemouth Bay	6
3340	Thunderrock Ascent	7
3341	Thunderrock Upland	7
3342	Murdergulch Trail	7
3343	Razorrock Chasm	7
3344	Razorrock Verge	7
3345	Razorrock Bank	7
3347	Highstone Plateau	7
3348	Battlebrae Grassland	7
3354	Murdergulch Divide	8
3355	Murdergulch Ravine	8
3356	Razorrock Gulch	8
4333	Firesink Caldera	6
4334	Whitecliff Peak	6
4349	Firesink Trench	7
4350	Whitecliff Expanse	7
4358	Avalanche Incline	8
PSG-0051#3	Bedrock Passage	6
PSG-0051#4	Everglow Deep	6
0336	Longfen Arms	6
2311	Thirstwater Steppe	5
2313	Dryvein Riverbed	5
2329	Thirstwater Waste	6
2332	Dryvein Steppe	6
2345	Dryvein End	7
2346	Thirstwater Gully	7
2347	Dryvein Confluence	7
2360	Daemonium Keep	8
PSG-0004#1	Nightbloom Track	6
PSG-0045#1	Mudrock Burrow	6
PSG-0053#2	Deathcreep Adit	6
4300	Arthur's Rest	1
1012	Merlyn's Rest	1
0360-HALL-01	Conquerors' Hall Lvl. 1	1
0361-HALL-02	Conquerors' Hall Lvl. 2	1
1013-HALL-01	Conquerors' Hall Lvl. 1	1
1014-HALL-02	Conquerors' Hall Lvl. 2	1
2010-HALL-01	Conquerors' Hall Lvl. 1	1
2011-HALL-02	Conquerors' Hall Lvl. 2	1
3014-HALL-01	Conquerors' Hall Lvl. 1	1
3015-HALL-02	Conquerors' Hall Lvl. 2	1
4007-HALL-01	Conquerors' Hall Lvl. 1	1
4008-HALL-02	Conquerors' Hall Lvl. 2	1
0008	Morgana's Rest	1
TNL-001	Ouyos-Aoeuam	4
TNL-002	Coues-Exakrom	4
TNL-003	Puros-Amayam	4
TNL-004	Pures-Ouozlum	4
TNL-005	Soros-Axaesum	4
TNL-006	Huyos-Uxeulum	4
TNL-007	Ceres-Iooinum	4
TNL-008	Cetos-Obaelos	4
TNL-009	Oieos-Umiutum	4
TNL-010	Sebos-Avoirom	4
TNL-011	Teros-Auiusum	4
TNL-012	Oebos-Ixakaum	4
TNL-013	Touos-Uoemtum	4
TNL-014	Xasos-Aeoilos	4
TNL-015	Xuros-Eyoztum	4
TNL-016	Pasos-Avosam	4
TNL-017	Oasos-Uromlum	4
TNL-018	Casos-Uruxtum	4
TNL-019	Ceros-Aeaylum	4
TNL-020	Xouos-Aioblos	4
TNL-021	Oasos-Eraerom	4
TNL-022	Tetos-Igaelum	4
TNL-023	Hynos-Oiaelos	6
TNL-024	Hebos-Ulamsum	6
TNL-025	Hiros-Iuaerom	6
TNL-026	Cynos-Avixnum	6
TNL-027	Conos-Avaelum	6
TNL-028	Tetos-Ulaurom	6
TNL-029	Oures-Araosum	6
TNL-030	Hures-Ugumtum	6
TNL-031	Hasos-Iuimaum	6
TNL-032	Foros-Egoisum	6
TNL-033	Hasos-Agoitum	6
TNL-034	Setos-Avamsum	6
TNL-035	Tonos-Obayam	6
TNL-036	Honos-Umayaum	6
TNL-037	Huyes-Ogozlum	6
TNL-038	Curos-Avulsum	6
TNL-039	Cebos-Avemlum	6
TNL-040	Hasos-Inayaum	6
TNL-041	Sasos-Egeylos	6
TNL-042	Coros-Aiayrom	6
TNL-043	Hiros-Exozlos	6
TNL-044	Tiros-Ouultum	6
TNL-045	Cases-Ugumlos	6
TNL-046	Fynes-Unavtum	6
TNL-047	Fetos-Aiaylos	6
TNL-048	Fouos-Agosaum	6
TNL-049	Huyos-Eyoztum	6
TNL-050	Poues-Unatam	6
TNL-051	Fouos-Amaurom	6
TNL-052	Suyos-Onaytum	6
TNL-053	Xasos-Oneulum	6
TNL-054	Oynos-Oyozam	6
TNL-055	Coros-Atinaum	6
TNL-056	Sasos-Oiozlum	6
TNL-057	Xynos-Oyogam	6
TNL-058	Cynos-Oxaeaum	4
TNL-059	Tynos-Atatlos	4
TNL-060	Firos-Enomaum	4
TNL-061	Hynes-Exemrom	4
TNL-062	Hebes-Ouaylos	4
TNL-063	Foues-Aeaosum	4
TNL-064	Xilos-Osayam	6
TNL-065	Casos-Ayosrom	6
TNL-066	Souos-Ososlos	6
TNL-067	Xebos-Emimsum	6
TNL-068	Oetos-Oyexlos	6
TNL-069	Xebos-Exostum	6
TNL-070	Tynos-Eyexrom	6
TNL-071	Casos-Aximam	6
TNL-072	Hasos-Ayousum	6
TNL-073	Fasos-Ayiotum	6
TNL-074	Pebos-Avosrom	6
TNL-075	Sases-Avuotum	6
TNL-076	Xases-Oxoulum	6
TNL-077	Hieos-Avaolum	6
TNL-078	Xasos-Aoemaum	6
TNL-079	Hasos-Osuorom	6
TNL-080	Oynos-Eramtum	6
TNL-081	Couos-Ayayaum	6
TNL-082	Siros-Obobrom	6
TNL-083	Souos-Umogaum	4
TNL-084	Cilos-Avioaum	4
TNL-085	Fonos-Aiugsum	4
TNL-086	Synos-Ayailos	4
TNL-087	Xiles-Aiavlum	4
TNL-088	Sases-Aoarsum	4
TNL-089	Casos-Aiagsum	4
TNL-090	Tieos-Ayoslum	4
TNL-091	Hieos-Aiigaum	4
TNL-092	Poros-Aiayrom	4
TNL-093	Cilos-Ofailos	4
TNL-094	Silos-Apenlum	4
TNL-095	Fynos-Alodrom	4
TNL-096	Firos-Ezatam	8
TNL-097	Firos-Osinsum	6
TNL-098	Soues-Uzurtum	6
TNL-099	Ooros-Ataltum	6
TNL-100	Hynes-Ieatun	8
TNL-101	Fuyes-Izohun	8
TNL-102	Xetos-Obursum	6
TNL-103	Oetos-Ofailos	6
TNL-104	Tynos-Igurlum	6
TNL-105	Puros-Ofavam	6
TNL-106	Setos-Aiaitum	6
TNL-107	Tynos-Uxavrom	6
TNL-108	Souos-Availos	6
TNL-109	Sebos-Ugersum	6
TNL-110	Peros-Aiataum	6
TNL-111	Pieos-Ofairom	6
TNL-112	Sieos-Ofugtum	6
TNL-113	Tasos-Iriglos	6
TNL-114	Tiros-Odoxlum	6
TNL-115	Xases-Ataglos	6
TNL-116	Oires-Oloblum	6
TNL-117	Firos-Aiavam	6
TNL-118	Heros-Atoyam	6
TNL-119	Petos-Aietam	6
TNL-120	Touos-Ataglos	8
TNL-121	Poros-Oconun	4
TNL-122	Honos-Oyezam	8
TNL-123	Fieos-Atezsum	4
TNL-124	Ooros-Ecunsum	4
TNL-125	Coros-Alieam	4
TNL-126	Couos-Opodam	6
TNL-127	Horos-Ohenlum	6
TNL-128	Files-Azazsum	8
TNL-129	Sasos-Abizaum	8
TNL-130	Fones-Opavun	8
TNL-131	Fiees-Ohohtum	8
TNL-132	Siros-Ofurlos	6
TNL-133	Oiros-Alaiam	6
TNL-134	Xiros-Aiairom	6
TNL-135	Silos-Oyarlum	6
TNL-136	Fonos-Oleraum	6
TNL-137	Fieos-Aiuttum	6
TNL-138	Filos-Abalam	4
TNL-139	Synos-Oyarlos	8
TNL-140	Febos-Acalun	4
TNL-141	Pieos-Eterrom	4
TNL-142	Feros-Oyuctum	6
TNL-143	Pynos-Opabrom	6
TNL-144	Foros-Uzazlum	8
TNL-145	Cieos-Atatlum	6
TNL-146	Huros-Atontum	6
TNL-147	Tonos-Aboysum	8
TNL-148	Hiles-Izizaum	8
TNL-149	Sebos-Oyohun	8
TNL-150	Cilos-Otatrom	8
TNL-201	Oasitos-Aoeuam	4
TNL-202	Curites-Exakrom	4
TNL-203	Petitos-Amayam	4
TNL-204	Pynites-Ouozlum	4
TNL-205	Suyitos-Axaesum	4
TNL-206	Honitos-Uxeulum	4
TNL-207	Cuyites-Iooinum	4
TNL-208	Cieitos-Obaelos	4
TNL-209	Oonitos-Umiutum	4
TNL-210	Siritos-Avoirom	4
TNL-211	Tuyitos-Auiusum	4
TNL-212	Oieitos-Ixakaum	4
TNL-213	Turitos-Uoemtum	4
TNL-214	Xouitos-Aeoilos	4
TNL-215	Xouitos-Eyoztum	4
TNL-216	Peritos-Avosam	4
TNL-217	Oynitos-Uromlum	4
TNL-218	Conitos-Uruxtum	4
TNL-219	Cebitos-Aeaylum	4
TNL-220	Xuyitos-Aioblos	4
TNL-221	Oebitos-Eraerom	4
TNL-222	Tebitos-Igaelum	4
TNL-223	Huritos-Oiaelos	6
TNL-224	Hynitos-Ulamsum	6
TNL-225	Hetitos-Iuaerom	6
TNL-226	Cetitos-Avixnum	6
TNL-227	Casitos-Avaelum	6
TNL-228	Tasitos-Ulaurom	6
TNL-229	Oynites-Araosum	6
TNL-230	Hilites-Ugumtum	6
TNL-231	Huritos-Iuimaum	6
TNL-232	Fynitos-Egoisum	6
TNL-233	Huyitos-Agoitum	6
TNL-234	Soritos-Avamsum	6
TNL-235	Tasitos-Obayam	6
TNL-236	Hasitos-Umayaum	6
TNL-237	Hynites-Ogozlum	6
TNL-238	Ceritos-Avulsum	6
TNL-239	Coritos-Avemlum	6
TNL-240	Heritos-Inayaum	6
TNL-241	Seritos-Egeylos	6
TNL-242	Cetitos-Aiayrom	6
TNL-243	Heritos-Exozlos	6
TNL-244	Tieitos-Ouultum	6
TNL-245	Cieites-Ugumlos	6
TNL-246	Fieites-Unavtum	6
TNL-247	Foritos-Aiaylos	6
TNL-248	Fynitos-Agosaum	6
TNL-249	Heritos-Eyoztum	6
TNL-250	Pirites-Unatam	6
TNL-251	Fonitos-Amaurom	6
TNL-252	Seritos-Onaytum	6
TNL-253	Xetitos-Oneulum	6
TNL-254	Oebitos-Oyozam	6
TNL-255	Casitos-Atinaum	6
TNL-256	Souitos-Oiozlum	6
TNL-257	Xebitos-Oyogam	6
TNL-258	Conitos-Oxaeaum	4
TNL-259	Turitos-Atatlos	4
TNL-260	Feritos-Enomaum	4
TNL-261	Hebites-Exemrom	4
TNL-262	Hurites-Ouaylos	4
TNL-263	Fynites-Aeaosum	4
TNL-264	Xoritos-Osayam	6
TNL-265	Cieitos-Ayosrom	6
TNL-266	Synitos-Ososlos	6
TNL-267	Xetitos-Emimsum	6
TNL-268	Oeritos-Oyexlos	6
TNL-269	Xoritos-Exostum	6
TNL-270	Tieitos-Eyexrom	6
TNL-271	Cetitos-Aximam	6
TNL-272	Hynitos-Ayousum	6
TNL-273	Fuyitos-Ayiotum	6
TNL-274	Petitos-Avosrom	6
TNL-275	Suyites-Avuotum	6
TNL-276	Xerites-Oxoulum	6
TNL-277	Hasitos-Avaolum	6
TNL-278	Xilitos-Aoemaum	6
TNL-279	Hilitos-Osuorom	6
TNL-280	Oiritos-Eramtum	6
TNL-281	Curitos-Ayayaum	6
TNL-282	Setitos-Obobrom	6
TNL-283	Sasitos-Umogaum	4
TNL-284	Cieitos-Avioaum	4
TNL-285	Fynitos-Aiugsum	4
TNL-286	Sonitos-Ayailos	4
TNL-287	Xonites-Aiavlum	4
TNL-288	Synites-Aoarsum	4
TNL-289	Cynitos-Aiagsum	4
TNL-290	Tetitos-Ayoslum	4
TNL-291	Hilitos-Aiigaum	4
TNL-292	Ponitos-Aiayrom	4
TNL-293	Conitos-Ofailos	4
TNL-294	Soritos-Apenlum	4
TNL-295	Firitos-Alodrom	4
TNL-296	Fynitos-Ezatam	8
TNL-297	Feritos-Osinsum	6
TNL-298	Suyites-Uzurtum	6
TNL-299	Ouritos-Ataltum	6
TNL-300	Hurites-Ieatun	8
TNL-301	Filites-Izohun	8
TNL-302	Xynitos-Obursum	6
TNL-303	Ouritos-Ofailos	6
TNL-304	Tonitos-Igurlum	6
TNL-305	Piritos-Ofavam	6
TNL-306	Soritos-Aiaitum	6
TNL-307	Tonitos-Uxavrom	6
TNL-308	Synitos-Availos	6
TNL-309	Sasitos-Ugersum	6
TNL-310	Puyitos-Aiataum	6
TNL-311	Pouitos-Ofairom	6
TNL-312	Suyitos-Ofugtum	6
TNL-313	Toritos-Iriglos	6
TNL-314	Tebitos-Odoxlum	6
TNL-315	Xurites-Ataglos	6
TNL-316	Oynites-Oloblum	6
TNL-317	Furitos-Aiavam	6
TNL-318	Hynitos-Atoyam	6
TNL-319	Pynitos-Aietam	6
TNL-320	Tilitos-Ataglos	8
TNL-321	Peritos-Oconun	4
TNL-322	Hynitos-Oyezam	8
TNL-323	Fasitos-Atezsum	4
TNL-324	Oeritos-Ecunsum	4
TNL-325	Casitos-Alieam	4
TNL-326	Cilitos-Opodam	6
TNL-327	Huyitos-Ohenlum	6
TNL-328	Fasites-Azazsum	8
TNL-329	Silitos-Abizaum	8
TNL-330	Febites-Opavun	8
TNL-331	Ferites-Ohohtum	8
TNL-332	Synitos-Ofurlos	6
TNL-333	Oouitos-Alaiam	6
TNL-334	Xoritos-Aiairom	6
TNL-335	Sasitos-Oyarlum	6
TNL-336	Fasitos-Oleraum	6
TNL-337	Fouitos-Aiuttum	6
TNL-338	Fynitos-Abalam	4
TNL-339	Suyitos-Oyarlos	8
TNL-340	Fuyitos-Acalun	4
TNL-341	Pilitos-Eterrom	4
TNL-342	Fasitos-Oyuctum	6
TNL-343	Piritos-Opabrom	6
TNL-344	Filitos-Uzazlum	8
TNL-345	Cynitos-Atatlum	6
TNL-346	Hebitos-Atontum	6
TNL-347	Tuyitos-Aboysum	8
TNL-348	Honites-Izizaum	8
TNL-349	Siritos-Oyohun	8
TNL-350	Cieitos-Otatrom	8
CORRUPT-001	Corrupted Lair	6
CORRUPT-002	Corrupted Lair	6
CORRUPT-003	Corrupted Lair	6
PSG-0038	PSG-0038	5
PSG-0039	PSG-0039	5
PSG-0042	PSG-0042	6
PSG-0044	PSG-0044	6
PSG-0045	PSG-0045	6
PSG-0048	PSG-0048	6
PSG-0049	PSG-0049	6
PSG-0050	PSG-0050	6
PSG-0051	PSG-0051	6
PSG-0052	PSG-0052	6
PSG-0053	PSG-0053	6
PSG-0054	PSG-0054	6
CORRUPT-004	Corrupted Lair	6
CORRUPT-005	Corrupted Lair	6
CORRUPT-006	Corrupted Lair	6
CORRUPT-007	Corrupted Lair	6
PSG-0008	PSG-0008	4
PSG-0009	PSG-0009	4
PSG-0010	PSG-0010	5
PSG-0011	PSG-0011	5
PSG-0012	PSG-0012	5
PSG-0013	PSG-0013	5
PSG-0014	PSG-0014	4
PSG-0015	PSG-0015	4
PSG-0016	PSG-0016	5
PSG-0017	PSG-0017	4
PSG-0018	PSG-0018	4
PSG-0019	PSG-0019	4
PSG-0020	PSG-0020	4
PSG-0021	PSG-0021	4
PSG-0022	PSG-0022	4
PSG-0023	PSG-0023	5
PSG-0024	PSG-0024	4
PSG-0025	PSG-0025	5
PSG-0026	PSG-0026	4
PSG-0027	PSG-0027	5
PSG-0028	PSG-0028	4
PSG-0029	PSG-0029	5
PSG-0030	PSG-0030	5
PSG-0031	PSG-0031	4
PSG-0032	PSG-0032	5
PSG-0033	PSG-0033	5
PSG-0034	PSG-0034	5
PSG-0035	PSG-0035	5
PSG-0036	PSG-0036	5
PSG-0037	PSG-0037	5
PSG-0040	PSG-0040	5
PSG-0041	PSG-0041	5
PSG-0043	PSG-0043	5
PSG-0046	PSG-0046	6
PSG-0047	PSG-0047	6
TNL-151	Quaent-Vynsum	6
TNL-351	Quaent-Al-Vynsum	6
TNL-152	Quaent-Tersis	6
TNL-352	Quaent-Al-Tersis	6
TNL-153	Quaent-Viesom	6
TNL-353	Quaent-Al-Viesom	6
TNL-154	Quatun-Nusas	6
TNL-354	Quatun-Et-Nusas	6
TNL-155	Quaent-Qintis	6
TNL-355	Quaent-Al-Qintis	6
TNL-156	Quatun-Odetum	6
TNL-356	Quatun-Et-Odetum	6
TNL-157	Quaent-Al-Odesum	6
TNL-357	Quaent-In-Odesum	6
TNL-158	Quaent-Al-Nusis	6
TNL-358	Quaent-In-Nusis	6
TNL-159	Qiient-Tersom	6
TNL-359	Qiient-In-Tersom	6
TNL-160	Qiient-Odesas	6
TNL-360	Qiient-Qi-Odesas	6
TNL-161	Qiient-Nutis	6
TNL-361	Qiient-In-Nutis	6
TNL-162	Qiient-Vyntum	6
TNL-362	Qiient-In-Vyntum	6
TNL-163	Qiient-Al-Odesum	6
TNL-363	Qiient-Si-Odesum	6
TNL-164	Qiient-Al-Vynsis	6
TNL-364	Qiient-Qi-Vynsis	6
TNL-165	Qiitun-Et-Vynsom	6
TNL-365	Qiitun-Si-Vynsom	6
TNL-166	Qiient-Al-Tersas	6
TNL-366	Qiient-Qi-Tersas	6
TNL-167	Qiitun-Vietis	6
TNL-367	Qiitun-Et-Vietis	6
TNL-168	Qiient-Et-Tertum	6
TNL-368	Qiient-Si-Tertum	6
TNL-169	Qiient-Qinsum	6
TNL-369	Qiient-Et-Qinsum	6
TNL-170	Qiient-Al-Viesis	6
TNL-370	Qiient-In-Viesis	6
TNL-171	Qiient-Al-Nusom	6
TNL-371	Qiient-Qi-Nusom	6
TNL-172	Qiient-Et-Nusas	6
TNL-372	Qiient-Si-Nusas	6
TNL-173	Qiient-Et-Odetis	6
TNL-373	Qiient-Sa-Odetis	6
TNL-174	Qiient-In-Odetum	6
TNL-374	Qiient-Oc-Odetum	6
TNL-175	Qiitun-Duosum	6
TNL-375	Qiitun-Al-Duosum	6
TNL-176	Qiient-Al-Qinsis	6
TNL-376	Qiient-In-Qinsis	6
TNL-177	Secent-Odesom	6
TNL-377	Secent-Qi-Odesom	6
TNL-178	Sectun-Tersas	6
TNL-378	Sectun-Et-Tersas	6
TNL-179	Secent-Al-Odetis	6
TNL-379	Secent-Si-Odetis	6
TNL-180	Secent-Vyntum	6
TNL-380	Secent-Et-Vyntum	6
TNL-181	Secent-Viesum	6
TNL-381	Secent-Al-Viesum	6
TNL-182	Secent-Et-Odesis	6
TNL-382	Secent-Sa-Odesis	6
TNL-183	Sectun-Qinsom	6
TNL-383	Sectun-In-Qinsom	6
TNL-184	Secent-Al-Qinsom	6
TNL-384	Secent-Qi-Qinsom	6
TNL-185	Sectun-Al-Vyntis	6
TNL-385	Sectun-In-Vyntis	6
TNL-186	Secent-Nutum	6
TNL-386	Secent-Al-Nutum	6
TNL-187	Secent-Al-Tersum	6
TNL-387	Secent-In-Tersum	6
TNL-188	Sectun-In-Odesis	6
TNL-388	Sectun-Oc-Odesis	6
TNL-189	Secent-Duosom	6
TNL-389	Secent-Al-Duosom	6
TNL-190	Secent-Et-Qinsas	6
TNL-390	Secent-Si-Qinsas	6
TNL-191	Setent-Vietis	6
TNL-391	Setent-Al-Vietis	6
TNL-192	Settun-Odetum	6
TNL-392	Settun-Et-Odetum	6
TNL-193	Setent-Nusum	6
TNL-393	Setent-Et-Nusum	6
TNL-194	Settun-Vynsis	6
TNL-394	Settun-Al-Vynsis	6
TNL-195	Settun-Tersom	6
TNL-395	Settun-Al-Tersom	6
TNL-196	Setent-Duosas	6
TNL-396	Setent-Al-Duosas	6
TNL-197	Setent-Qintis	6
TNL-397	Setent-Et-Qintis	6
TNL-198	Settun-Al-Odetum	6
TNL-398	Settun-In-Odetum	6
TNL-199	Setent-Al-Qinsum	6
TNL-399	Setent-In-Qinsum	6
TNL-200	Settun-Al-Nusis	6
TNL-400	Settun-In-Nusis	6
CORRUPT-008	Corrupted Lair	6
CORRUPT-009	Corrupted Lair	6
CORRUPT-010	Corrupted Lair	6
CORRUPT-011	Corrupted Lair	6
CORRUPT-012	Corrupted Lair	6
CORRUPT-013	Corrupted Lair	6
CORRUPT-014	Corrupted Lair	6
CORRUPT-015	Corrupted Lair	6
CORRUPT-016	Corrupted Lair	6
CORRUPT-017	Corrupted Lair	6
CORRUPT-018	Corrupted Lair	6
CORRUPT-019	Corrupted Lair	6
CORRUPT-020	Corrupted Lair	6
CrystalRealmDebug	CrystalRealmDebug	1
0362-HALL-1-4	Conquerors' Hall Lvl. 3	1
1015-HALL-1-4	Conquerors' Hall Lvl. 3	1
2012-HALL-1-4	Conquerors' Hall Lvl. 3	1
3016-HALL-1-4-MART	Conquerors' Hall Lvl. 3	1
4009-HALL-1-4	Conquerors' Hall Lvl. 3	1
ChampionsRealmLive	Champions' Realm	4
VegAnimTest	VegAnimTest	3
CrystalRealm20v20	Large Crystal Realm	4
HELLGATE-01-10v10-01	The Plains	5
HELLGATE-01-2v2-01	The Plains	5
HELLGATE-01-5v5-01	The Plains	5
HELLGATE-02-10v10-01	The Hill	5
HELLGATE-02-2v2-01	The Hill	5
HELLGATE-02-5v5-01	The Hill	5
HELLGATE-03-10v10-01	The Boneyard	5
HELLGATE-03-2v2-01	The Boneyard	5
HELLGATE-03-5v5-01	The Boneyard	5
HELLGATE-04-10v10-01	The Four Bridges	5
HELLGATE-04-2v2-01	The Four Bridges	5
HELLGATE-04-5v5-01	The Four Bridges	5
HELLGATE-05-10v10-01	The Traverse	5
HELLGATE-05-2v2-01	The Traverse	5
HELLGATE-05-5v5-01	The Traverse	5
HELLGATE-06-10v10-01	The Fortress	5
HELLGATE-06-2v2-01	The Fortress	5
HELLGATE-06-5v5-01	The Fortress	5
HELLGATE-07-10v10-01	The Pit	5
HELLGATE-07-2v2-01	The Pit	5
HELLGATE-07-5v5-01	The Pit	5
HELLGATE-08-10v10-01	The Courtyard	5
HELLGATE-08-2v2-01	The Courtyard	5
HELLGATE-08-5v5-01	The Courtyard	5
HELLGATE-09-10v10-01	The Tribunal	5
HELLGATE-09-2v2-01	The Tribunal	5
HELLGATE-09-5v5-01	The Tribunal	5
HELLGATE-10-10v10-01	The Citadel	5
HELLGATE-10-2v2-01	The Citadel	5
HELLGATE-10-5v5-01	The Citadel	5
0215	Murky Fen	4
0216	Fog Fen	4
0217	Drownhorse Basin	5
0218	Slithertail Marsh	5
0219	Wanderlure Basin	5
0220	Falsestep Marsh	5
0221	Darkground Swamp	6
0222	Anklesnag Mire	6
0223	Dusktree Swamp	6
1216	Flynsdell	4
1217	Pinecopse	5
1218	Deeproot Wood	6
1220	Aspenwood	5
1221	Spindlewood	6
1222	Owlsong Glen	6
1223	Nightbloom Forest	6
2216	Dryfield Meadow	4
2217	Sandgust Cleft	5
2218	Longshadow Plain	5
2219	Flatriver Trough	5
2220	Redstone Plain	5
2221	Flimmerair Steppe	6
2222	Goldshimmer Plain	6
3216	Kilmar Tor	5
3217	Carns Hill	6
3218	Brons Hill	6
3219	Felniks Hill	6
3220	Adrens Hill	5
3221	Garrow Fell	6
3222	Broken Fell	6
4217	Pen Fenair	5
4218	Cairn Drain	6
4219	Caulder Fissure	6
4220	Cairn Cloch	6
4221	Creag Dhor	6
4222	Creag Meagir	6
4223	Domhain Chasm	7
PSG-0006#1	Creag's Way	7
PSG-0006#2	Chasmlight Cave	7
PSG-H-0001	PSG-H-0001	7
PSG-H-0001#1	Boulder Deep	7
PSG-H-0002	PSG-H-0002	7
PSG-H-0002#1	Drystone Channel	7
PSG-0001	Chasmlight Cave	5
PSG-0002	PSG-0002	5
HELLGATE-01-10v10-01-HRD	The Plains	8
HELLGATE-01-2v2-01-HRD	The Plains	6
HELLGATE-01-5v5-01-HRD	The Plains	7
HELLGATE-02-10v10-01-HRD	The Hill	8
HELLGATE-02-2v2-01-HRD	The Hill	6
HELLGATE-02-5v5-01-HRD	The Hill	7
HELLGATE-03-10v10-01-HRD	The Boneyard	8
HELLGATE-03-2v2-01-HRD	The Boneyard	6
HELLGATE-03-5v5-01-HRD	The Boneyard	7
HELLGATE-04-10v10-01-HRD	The Four Bridges	8
HELLGATE-04-2v2-01-HRD	The Four Bridges	6
HELLGATE-04-5v5-01-HRD	The Four Bridges	7
HELLGATE-05-10v10-01-HRD	The Traverse	8
HELLGATE-05-2v2-01-HRD	The Traverse	6
HELLGATE-05-5v5-01-HRD	The Traverse	7
HELLGATE-06-10v10-01-HRD	The Fortress	8
HELLGATE-06-2v2-01-HRD	The Fortress	6
HELLGATE-06-5v5-01-HRD	The Fortress	7
HELLGATE-07-10v10-01-HRD	The Pit	8
HELLGATE-07-2v2-01-HRD	The Pit	6
HELLGATE-07-5v5-01-HRD	The Pit	7
HELLGATE-08-10v10-01-HRD	The Courtyard	8
HELLGATE-08-2v2-01-HRD	The Courtyard	6
HELLGATE-08-5v5-01-HRD	The Courtyard	7
HELLGATE-09-10v10-01-HRD	The Tribunal	8
HELLGATE-09-2v2-01-HRD	The Tribunal	6
HELLGATE-09-5v5-01-HRD	The Tribunal	7
HELLGATE-10-10v10-01-HRD	The Citadel	8
HELLGATE-10-2v2-01-HRD	The Citadel	6
HELLGATE-10-5v5-01-HRD	The Citadel	7
DNG-KPR-02-MAIN-010	Stoneroot Caverns	5
DNG-KPR-02-MAIN-011	Stoneroot Caverns	5
DNG-KPR-02-MAIN-012	Stoneroot Caverns	5
DNG-KPR-02-MAIN-013	Stoneroot Caverns	5
DNG-KPR-02-MAIN-014	Stoneroot Caverns	5
DNG-KPR-02-MAIN-015	Stoneroot Caverns	5
DNG-KPR-02-MAIN-016	Stoneroot Caverns	5
DNG-KPR-02-MAIN-018	Stoneroot Caverns	5
DNG-KPR-02-MAIN-019	Stoneroot Caverns	5
DNG-KPR-02-MAIN-01	Stoneroot Caverns	5
DNG-KPR-02-MAIN-020	Stoneroot Caverns	5
DNG-KPR-02-MAIN-021	Stoneroot Caverns	5
DNG-KPR-02-MAIN-022	Stoneroot Caverns	5
DNG-KPR-02-MAIN-023	Stoneroot Caverns	5
DNG-KPR-02-MAIN-024	Stoneroot Caverns	5
DNG-KPR-02-MAIN-025	Stoneroot Caverns	5
DNG-KPR-02-MAIN-026	Stoneroot Caverns	5
DNG-KPR-02-MAIN-027	Stoneroot Caverns	5
DNG-KPR-02-MAIN-04	Stoneroot Caverns	5
DNG-KPR-02-MAIN-08	Stoneroot Caverns	5
DNG-KPR-02-MAIN-09	Stoneroot Caverns	5
DNG-MOR-01-MAIN-001	Cathedral of Light	6
DNG-MOR-01-MAIN-002	Cathedral of Light	6
DNG-MOR-01-MAIN-003	Cathedral of Light	6
DNG-MOR-01-MAIN-010	Cathedral of Light	8
DNG-MOR-01-MAIN-011	Cathedral of Light	8
DNG-MOR-01-MAIN-012	Cathedral of Light	8
DNG-MOR-01-MAIN-017	Cathedral of Light	6
DNG-MOR-01-MAIN-018	Cathedral of Light	6
DNG-MOR-01-MAIN-019	Cathedral of Light	6
DNG-MOR-01-MAIN-01	Cathedral of Light	8
DNG-MOR-01-MAIN-020	Cathedral of Light	6
DNG-MOR-01-MAIN-021	Cathedral of Light	6
DNG-MOR-01-MAIN-022	Cathedral of Light	6
DNG-MOR-01-MAIN-023	Cathedral of Light	6
DNG-MOR-01-MAIN-024	Cathedral of Light	6
DNG-MOR-01-MAIN-025	Cathedral of Light	6
DNG-MOR-01-MAIN-027	Cathedral of Light	6
DNG-MOR-01-MAIN-02	Cathedral of Light	8
DNG-MOR-01-MAIN-03	Cathedral of Light	8
DNG-MOR-01-MAIN-04	Cathedral of Light	8
DNG-MOR-01-MAIN-05	Cathedral of Light	8
DNG-MOR-01-MAIN-06	Cathedral of Light	8
DNG-MOR-01-MAIN-07	Cathedral of Light	8
DNG-MOR-01-MAIN-08	Cathedral of Light	8
DNG-MOR-01-MAIN-09	Cathedral of Light	8
DNG-MOR-01-SUB-001	Chambers of Truth	6
DNG-MOR-01-SUB-002	Chambers of Truth	6
DNG-MOR-01-SUB-003	Chambers of Truth	6
DNG-MOR-01-SUB-010	Chambers of Truth	8
DNG-MOR-01-SUB-011	Chambers of Truth	8
DNG-MOR-01-SUB-012	Chambers of Truth	8
DNG-MOR-01-SUB-017	Chambers of Truth	6
DNG-MOR-01-SUB-018	Chambers of Truth	6
DNG-MOR-01-SUB-019	Chambers of Truth	6
DNG-MOR-01-SUB-01	Chambers of Truth	8
DNG-MOR-01-SUB-020	Chambers of Truth	6
DNG-MOR-01-SUB-021	Chambers of Truth	6
DNG-MOR-01-SUB-022	Chambers of Truth	6
DNG-MOR-01-SUB-023	Chambers of Truth	6
DNG-MOR-01-SUB-024	Chambers of Truth	6
DNG-MOR-01-SUB-025	Chambers of Truth	6
DNG-MOR-01-SUB-027	Chambers of Truth	6
DNG-MOR-01-SUB-02	Chambers of Truth	8
DNG-MOR-01-SUB-03	Chambers of Truth	8
DNG-MOR-01-SUB-04	Chambers of Truth	8
DNG-MOR-01-SUB-05	Chambers of Truth	8
DNG-MOR-01-SUB-06	Chambers of Truth	8
DNG-MOR-01-SUB-07	Chambers of Truth	8
DNG-MOR-01-SUB-08	Chambers of Truth	8
DNG-MOR-01-SUB-09	Chambers of Truth	8
DNG-UND-01-MAIN-002	Hallowed Crypt	4
DNG-UND-01-MAIN-003	Hallowed Crypt	4
DNG-UND-01-MAIN-004	Hallowed Crypt	4
DNG-UND-01-MAIN-007	Hallowed Crypt	4
DNG-UND-01-MAIN-010	Exalted Crypt	7
DNG-UND-01-MAIN-011	Exalted Crypt	7
DNG-UND-01-MAIN-012	Exalted Crypt	7
DNG-UND-01-MAIN-013	Exalted Crypt	7
DNG-UND-01-MAIN-014	Exalted Crypt	7
DNG-UND-01-MAIN-015	Exalted Crypt	7
DNG-UND-01-MAIN-016	Exalted Crypt	7
DNG-UND-01-MAIN-017	Exalted Crypt	7
DNG-UND-01-MAIN-018	Exalted Crypt	7
DNG-UND-01-MAIN-019	Exalted Crypt	7
DNG-UND-01-MAIN-01	Exalted Crypt	7
DNG-UND-01-MAIN-020	Exalted Crypt	7
DNG-UND-01-MAIN-021	Exalted Crypt	7
DNG-UND-01-MAIN-022	Exalted Crypt	7
DNG-UND-01-MAIN-023	Exalted Crypt	7
DNG-UND-01-MAIN-024	Exalted Crypt	7
DNG-UND-01-MAIN-025	Exalted Crypt	7
DNG-UND-01-MAIN-026	Exalted Crypt	7
DNG-UND-01-MAIN-027	Exalted Crypt	7
DNG-UND-01-MAIN-02	Exalted Crypt	7
DNG-UND-01-MAIN-03	Exalted Crypt	7
DNG-UND-01-MAIN-05	Exalted Crypt	7
DNG-UND-01-MAIN-07	Exalted Crypt	7
DNG-UND-01-MAIN-08	Exalted Crypt	7
DNG-UND-01-MAIN-09	Exalted Crypt	7
DNG-UND-01-SUB-002	Hallowed Undercrypt	4
DNG-UND-01-SUB-003	Hallowed Undercrypt	4
DNG-UND-01-SUB-004	Hallowed Undercrypt	4
DNG-UND-01-SUB-007	Hallowed Undercrypt	4
DNG-UND-01-SUB-010	Exalted Undercrypt	7
DNG-UND-01-SUB-011	Exalted Undercrypt	7
DNG-UND-01-SUB-012	Exalted Undercrypt	7
DNG-UND-01-SUB-013	Exalted Undercrypt	7
DNG-UND-01-SUB-014	Exalted Undercrypt	7
DNG-UND-01-SUB-015	Exalted Undercrypt	7
DNG-UND-01-SUB-016	Exalted Undercrypt	7
DNG-UND-01-SUB-017	Exalted Undercrypt	7
DNG-UND-01-SUB-018	Exalted Undercrypt	7
DNG-UND-01-SUB-019	Exalted Undercrypt	7
DNG-UND-01-SUB-01	Exalted Undercrypt	7
DNG-UND-01-SUB-020	Exalted Undercrypt	7
DNG-UND-01-SUB-021	Exalted Undercrypt	7
DNG-UND-01-SUB-022	Exalted Undercrypt	7
DNG-UND-01-SUB-023	Exalted Undercrypt	7
DNG-UND-01-SUB-024	Exalted Undercrypt	7
DNG-UND-01-SUB-025	Exalted Undercrypt	7
DNG-UND-01-SUB-026	Exalted Undercrypt	7
DNG-UND-01-SUB-027	Exalted Undercrypt	7
DNG-UND-01-SUB-02	Exalted Undercrypt	7
DNG-UND-01-SUB-03	Exalted Undercrypt	7
DNG-UND-01-SUB-05	Exalted Undercrypt	7
DNG-UND-01-SUB-07	Exalted Undercrypt	7
DNG-UND-01-SUB-08	Exalted Undercrypt	7
DNG-UND-01-SUB-09	Exalted Undercrypt	7
DNG-KPR-01-MAIN-01	Deepwood Enclave	5
DNG-KPR-01-MAIN-02	Deepwood Enclave	5
DNG-KPR-01-MAIN-03	Deepwood Enclave	5
DNG-KPR-02-MAIN-017	Stoneroot Caverns	5
DNG-UND-02-MAIN-01	Trinity Hall	4
DNG-UND-02-MAIN-02	Trinity Hall	4
DNG-UND-02-MAIN-03	Trinity Hall	4
DNG-UND-02-MAIN-04	Trinity Hall	4
0363-HALL-04	Conquerors' Hall Lvl. 4	1
1016-HALL-04	Conquerors' Hall Lvl. 4	1
2013-HALL-04	Conquerors' Hall Lvl. 4	1
3017-HALL-04-MART	Conquerors' Hall Lvl. 4	1
4010-HALL-04	Conquerors' Hall Lvl. 4	1
DNG-UND-01-MAIN-06	DNG-UND-01-MAIN-06	7
DNG-UND-01-SUB-06	DNG-UND-01-SUB-06	7
DNG-KPR-02-MAIN-028	Stoneroot Caverns	5
LEGACY-KEEPER-01	LEGACY-KEEPER-01	4
LEGACY-KEEPER-SOLO-01	LEGACY-KEEPER-SOLO-01	6
LEGACY-UNDEAD-01	LEGACY-UNDEAD-01	7
LEGACY-UNDEAD-02	LEGACY-UNDEAD-02	7
DNG-HER-01-MAIN-01	Heretic Cellar Network	3
0301	Thetford Portal	1
1301	Lymhurst Portal	1
2301	Bridgewatch Portal	1
3301	Martlock Portal	1
4301	Fort Sterling Portal	1
0302	0302	5
0303	0303	5
0304	0304	5
1302	1302	5
1303	1303	5
1304	1304	5
2302	2302	5
2303	2303	5
2304	2304	5
3302	3302	5
3303	3303	5
3304	3304	5
4302	4302	5
4303	4303	5
4304	4304	5
CrystalRealm02	Crystal Realm	4
CrystalRealm02-CrystalLeague-NonLethal	Crystal Realm	4
DNG-HER-01-MAIN-02	Heretic Cellar Network	3
DNG-HER-01-MAIN-03	Heretic Cellar Network	3
DNG-HER-01-MAIN-04	Heretic Cellar Network	3
DNG-HER-01-MAIN-05	Heretic Cellar Network	3
CrystalRealm-Nonlethal	Crystal Realm	4
CrystalRealm02-Nonlethal	Crystal Realm	4
5000	Brecilien	1
5001	Brecilien	1
5002	Brecilien Bank	1
5003	Brecilien Market	1
ISLAND-PLAYER-MISTS-0001f	ISLAND-PLAYER-MISTS-0001f	1
5100	Brecilien Weald	6
5101	Brecilien Copse	6
5102	Brecilien Grove	5
5103	Brecilien Thicket	6
ISLAND-PLAYER-MISTS-0001a	ISLAND-PLAYER-MISTS-0001a	1
ISLAND-PLAYER-MISTS-0001b	ISLAND-PLAYER-MISTS-0001b	1
ISLAND-PLAYER-MISTS-0001c	ISLAND-PLAYER-MISTS-0001c	1
ISLAND-PLAYER-MISTS-0001d	ISLAND-PLAYER-MISTS-0001d	1
ISLAND-PLAYER-MISTS-0001e	ISLAND-PLAYER-MISTS-0001e	1
DNG-MISTS-UND-WIP-01-01	Mists Dungeon	6
0364-HALL-05	Conquerors' Hall Lvl. 5	1
1017-HALL-05	Conquerors' Hall Lvl. 5	1
2014-HALL-05	Conquerors' Hall Lvl. 5	1
3018-HALL-05	Conquerors' Hall Lvl. 5	1
4011-HALL-05	Conquerors' Hall Lvl. 5	1
3010	3010	1
3012-HALL-02	3012-HALL-02	1
ISLAND-PLAYER-FOREST-0001a	ISLAND-PLAYER-FOREST-0001a	1
ISLAND-PLAYER-FOREST-0001b	ISLAND-PLAYER-FOREST-0001b	1
ISLAND-PLAYER-FOREST-0001c	ISLAND-PLAYER-FOREST-0001c	1
ISLAND-PLAYER-FOREST-0001d	ISLAND-PLAYER-FOREST-0001d	1
ISLAND-PLAYER-FOREST-0001e	ISLAND-PLAYER-FOREST-0001e	1
ISLAND-PLAYER-FOREST-0001f	ISLAND-PLAYER-FOREST-0001f	1
ISLAND-PLAYER-HIGHLAND-0001a	ISLAND-PLAYER-HIGHLAND-0001a	1
ISLAND-PLAYER-HIGHLAND-0001b	ISLAND-PLAYER-HIGHLAND-0001b	1
ISLAND-PLAYER-HIGHLAND-0001c	ISLAND-PLAYER-HIGHLAND-0001c	1
ISLAND-PLAYER-HIGHLAND-0001d	ISLAND-PLAYER-HIGHLAND-0001d	1
ISLAND-PLAYER-HIGHLAND-0001e	ISLAND-PLAYER-HIGHLAND-0001e	1
ISLAND-PLAYER-HIGHLAND-0001f	ISLAND-PLAYER-HIGHLAND-0001f	1
ISLAND-PLAYER-MOUNTAIN-0001a	ISLAND-PLAYER-MOUNTAIN-0001a	1
ISLAND-PLAYER-MOUNTAIN-0001b	ISLAND-PLAYER-MOUNTAIN-0001b	1
ISLAND-PLAYER-MOUNTAIN-0001c	ISLAND-PLAYER-MOUNTAIN-0001c	1
ISLAND-PLAYER-MOUNTAIN-0001d	ISLAND-PLAYER-MOUNTAIN-0001d	1
ISLAND-PLAYER-MOUNTAIN-0001e	ISLAND-PLAYER-MOUNTAIN-0001e	1
ISLAND-PLAYER-MOUNTAIN-0001f	ISLAND-PLAYER-MOUNTAIN-0001f	1
ISLAND-PLAYER-CAERLEON-0001a	ISLAND-PLAYER-CAERLEON-0001a	1
ISLAND-PLAYER-CAERLEON-0001b	ISLAND-PLAYER-CAERLEON-0001b	1
ISLAND-PLAYER-CAERLEON-0001c	ISLAND-PLAYER-CAERLEON-0001c	1
ISLAND-PLAYER-CAERLEON-0001d	ISLAND-PLAYER-CAERLEON-0001d	1
ISLAND-PLAYER-CAERLEON-0001e	ISLAND-PLAYER-CAERLEON-0001e	1
ISLAND-PLAYER-CAERLEON-0001f	ISLAND-PLAYER-CAERLEON-0001f	1
ISLAND-PLAYER-STEPPE-0001a	ISLAND-PLAYER-STEPPE-0001a	1
ISLAND-PLAYER-STEPPE-0001b	ISLAND-PLAYER-STEPPE-0001b	1
ISLAND-PLAYER-STEPPE-0001c	ISLAND-PLAYER-STEPPE-0001c	1
ISLAND-PLAYER-STEPPE-0001d	ISLAND-PLAYER-STEPPE-0001d	1
ISLAND-PLAYER-STEPPE-0001e	ISLAND-PLAYER-STEPPE-0001e	1
ISLAND-PLAYER-STEPPE-0001f	ISLAND-PLAYER-STEPPE-0001f	1
ISLAND-PLAYER-SWAMP-0001a	ISLAND-PLAYER-SWAMP-0001a	1
ISLAND-PLAYER-SWAMP-0001b	ISLAND-PLAYER-SWAMP-0001b	1
ISLAND-PLAYER-SWAMP-0001c	ISLAND-PLAYER-SWAMP-0001c	1
ISLAND-PLAYER-SWAMP-0001d	ISLAND-PLAYER-SWAMP-0001d	1
ISLAND-PLAYER-SWAMP-0001e	ISLAND-PLAYER-SWAMP-0001e	1
ISLAND-PLAYER-SWAMP-0001f	ISLAND-PLAYER-SWAMP-0001f	1
0365-HALL-06	Conquerors' Hall Lvl. 6	1
1018-HALL-06	Conquerors' Hall Lvl. 6	1
2015-HALL-06	Conquerors' Hall Lvl. 6	1
3019-HALL-06	Conquerors' Hall Lvl. 6	1
4012-HALL-06	Conquerors' Hall Lvl. 6	1
ISLAND-GUILD-FOREST-0001a	ISLAND-GUILD-FOREST-0001a	1
ISLAND-GUILD-FOREST-0001b	ISLAND-GUILD-FOREST-0001b	1
ISLAND-GUILD-FOREST-0001c	ISLAND-GUILD-FOREST-0001c	1
ISLAND-GUILD-FOREST-0001d	ISLAND-GUILD-FOREST-0001d	1
ISLAND-GUILD-FOREST-0001e	ISLAND-GUILD-FOREST-0001e	1
ISLAND-GUILD-FOREST-0001f	ISLAND-GUILD-FOREST-0001f	1
ISLAND-GUILD-CAERLEON-0001a	ISLAND-GUILD-CAERLEON-0001a	1
ISLAND-GUILD-CAERLEON-0001b	ISLAND-GUILD-CAERLEON-0001b	1
ISLAND-GUILD-CAERLEON-0001c	ISLAND-GUILD-CAERLEON-0001c	1
ISLAND-GUILD-CAERLEON-0001d	ISLAND-GUILD-CAERLEON-0001d	1
ISLAND-GUILD-CAERLEON-0001e	ISLAND-GUILD-CAERLEON-0001e	1
ISLAND-GUILD-CAERLEON-0001f	ISLAND-GUILD-CAERLEON-0001f	1
ISLAND-GUILD-HIGHLAND-0001a	ISLAND-GUILD-HIGHLAND-0001a	1
ISLAND-GUILD-HIGHLAND-0001b	ISLAND-GUILD-HIGHLAND-0001b	1
ISLAND-GUILD-HIGHLAND-0001c	ISLAND-GUILD-HIGHLAND-0001c	1
ISLAND-GUILD-HIGHLAND-0001d	ISLAND-GUILD-HIGHLAND-0001d	1
ISLAND-GUILD-HIGHLAND-0001e	ISLAND-GUILD-HIGHLAND-0001e	1
ISLAND-GUILD-HIGHLAND-0001f	ISLAND-GUILD-HIGHLAND-0001f	1
ISLAND-GUILD-MOUNTAIN-0001a	ISLAND-GUILD-MOUNTAIN-0001a	1
ISLAND-GUILD-MOUNTAIN-0001b	ISLAND-GUILD-MOUNTAIN-0001b	1
ISLAND-GUILD-MOUNTAIN-0001c	ISLAND-GUILD-MOUNTAIN-0001c	1
ISLAND-GUILD-MOUNTAIN-0001d	ISLAND-GUILD-MOUNTAIN-0001d	1
ISLAND-GUILD-MOUNTAIN-0001e	ISLAND-GUILD-MOUNTAIN-0001e	1
ISLAND-GUILD-MOUNTAIN-0001f	ISLAND-GUILD-MOUNTAIN-0001f	1
ISLAND-GUILD-STEPPE-0001a	ISLAND-GUILD-STEPPE-0001a	1
ISLAND-GUILD-STEPPE-0001b	ISLAND-GUILD-STEPPE-0001b	1
ISLAND-GUILD-STEPPE-0001c	ISLAND-GUILD-STEPPE-0001c	1
ISLAND-GUILD-STEPPE-0001d	ISLAND-GUILD-STEPPE-0001d	1
ISLAND-GUILD-STEPPE-0001e	ISLAND-GUILD-STEPPE-0001e	1
ISLAND-GUILD-STEPPE-0001f	ISLAND-GUILD-STEPPE-0001f	1
ISLAND-GUILD-SWAMP-0001a	ISLAND-GUILD-SWAMP-0001a	1
ISLAND-GUILD-SWAMP-0001b	ISLAND-GUILD-SWAMP-0001b	1
ISLAND-GUILD-SWAMP-0001c	ISLAND-GUILD-SWAMP-0001c	1
ISLAND-GUILD-SWAMP-0001d	ISLAND-GUILD-SWAMP-0001d	1
ISLAND-GUILD-SWAMP-0001e	ISLAND-GUILD-SWAMP-0001e	1
ISLAND-GUILD-SWAMP-0001f	ISLAND-GUILD-SWAMP-0001f	1
DNG-MOR-01-MAIN-029	Cathedral of Light	6
DNG-MOR-01-SUB-029	Chambers of Truth	6
DNG-UND-01-MAIN-028	DNG-UND-01-MAIN-028	4
DNG-UND-01-SUB-028	DNG-UND-01-SUB-028	4
DNG-UND-01-MAIN-006	DNG-UND-01-MAIN-006	4
DNG-UND-01-SUB-006	DNG-UND-01-SUB-006	4
DNG-UND-01-MAIN-009	DNG-UND-01-MAIN-009	4
DNG-UND-01-SUB-009	DNG-UND-01-SUB-009	4
DNG-UND-01-MAIN-008	DNG-UND-01-MAIN-008	4
DNG-UND-01-SUB-008	DNG-UND-01-SUB-008	4
DNG-MOR-01-MAIN-028	Cathedral of Light	6
DNG-MOR-01-MAIN-030	Cathedral of Light	6
DNG-MOR-01-MAIN-031	Cathedral of Light	6
DNG-MOR-01-SUB-028	Chambers of Truth	6
DNG-MOR-01-SUB-030	Chambers of Truth	6
DNG-MOR-01-SUB-031	Chambers of Truth	6
DNG-KPR-02-MAIN-029	Stoneroot Caverns	5
DNG-KPR-02-MAIN-030	Stoneroot Caverns	5
DNG-KPR-02-MAIN-031	Stoneroot Caverns	5
DNG-KPR-02-MAIN-032	Stoneroot Caverns	5
DNG-KPR-02-MAIN-033	Stoneroot Caverns	5
DNG-UND-01-MAIN-005	DNG-UND-01-MAIN-005	4
DNG-UND-01-SUB-005	DNG-UND-01-SUB-005	4
BLACKBANK-2310	Smuggler's Den	6
BLACKBANK-0321	Smuggler's Den	6
BLACKBANK-0307	Smuggler's Den	6
BLACKBANK-4322	Smuggler's Den	6
BLACKBANK-2336	Smuggler's Den	6
BLACKBANK-0320	Smuggler's Den	6
BLACKBANK-0341	Smuggler's Den	6
BLACKBANK-0344	Smuggler's Den	6
BLACKBANK-0349	Smuggler's Den	6
BLACKBANK-0353	Smuggler's Den	6
BLACKBANK-1312	Smuggler's Den	6
BLACKBANK-1323	Smuggler's Den	6
BLACKBANK-1339	Smuggler's Den	6
BLACKBANK-1342	Smuggler's Den	6
BLACKBANK-1343	Smuggler's Den	6
BLACKBANK-1348	Smuggler's Den	6
BLACKBANK-1359	Smuggler's Den	6
BLACKBANK-2308	Smuggler's Den	6
BLACKBANK-2311	Smuggler's Den	6
BLACKBANK-2333	Smuggler's Den	6
BLACKBANK-2342	Smuggler's Den	6
BLACKBANK-2344	Smuggler's Den	6
BLACKBANK-2347	Smuggler's Den	6
BLACKBANK-2348	Smuggler's Den	6
BLACKBANK-3306	Smuggler's Den	6
BLACKBANK-3344	Smuggler's Den	6
BLACKBANK-3345	Smuggler's Den	6
BLACKBANK-3351	Smuggler's Den	6
BLACKBANK-3355	Smuggler's Den	6
BLACKBANK-3357	Smuggler's Den	6
BLACKBANK-4313	Smuggler's Den	6
BLACKBANK-4318	Smuggler's Den	6
BLACKBANK-4345	Smuggler's Den	6
BLACKBANK-4351	Smuggler's Den	6
BLACKBANK-4357	Smuggler's Den	6
0366-HALL-07	Conquerors' Hall Lvl. 7	1
1019-HALL-07	Conquerors' Hall Lvl. 7	1
2016-HALL-07	Conquerors' Hall Lvl. 7	1
3020-HALL-07	Conquerors' Hall Lvl. 7	1
4013-HALL-07	Conquerors' Hall Lvl. 7	1
ISLAND-PLAYER-CAERLEON-0001e-SHOWROOM	Showroom Island	3
ISLAND-PLAYER-FOREST-0001e-SHOWROOM	Showroom Island	3
ISLAND-PLAYER-HIGHLAND-0001e-SHOWROOM	Showroom Island	3
ISLAND-PLAYER-MOUNTAIN-0001e-SHOWROOM	Showroom Island	3
ISLAND-PLAYER-STEPPE-0001e-SHOWROOM	Showroom Island	3
ISLAND-PLAYER-SWAMP-0001e-SHOWROOM	Showroom Island	3
0000-HellDen	Antiquarian's Den	1
1000-HellDen	Antiquarian's Den	1
2000-HellDen	Antiquarian's Den	1
3003-HellDen	Antiquarian's Den	1
3004-HellDen	Antiquarian's Den	1
4000-HellDen	Antiquarian's Den	1
DebugCreatureArena	DebugCreatureArena	6
1900-DynamicTest	1900-DynamicTest	6
0367-HALL-08	Conquerors' Hall Lvl. 8	1
1020-HALL-08	Conquerors' Hall Lvl. 8	1
2017-HALL-08	Conquerors' Hall Lvl. 8	1
3021-HALL-08	Conquerors' Hall Lvl. 8	1
4014-HALL-08	Conquerors' Hall Lvl. 8	1
ARENA-1v1-01	1v1 Arena	7
CrystalRealm03	Crystal Realm	4
CrystalRealm20v20-02	CrystalRealm20v20-02	4
PSG-0055	Redstone Pass	7
DebugDungeon	DebugDungeon	6
0368-HALL-09	Conquerors' Hall Lvl. 9	1
1021-HALL-09	Conquerors' Hall Lvl. 9	1
2018-HALL-09	Conquerors' Hall Lvl. 9	1
3022-HALL-09	Conquerors' Hall Lvl. 9	1
4015-HALL-09	Conquerors' Hall Lvl. 9	1
